Accounting and Auditing Services,"[('AutoCAD', 1)]"
Advertising and PR Services,"[('and', 6), ('a', 4), ('to', 3), ('design', 3), ('the', 3), ('graphic', 2), ('media', 2), ('such', 2), ('for', 2), ('visual', 2), ('A', 2), ('clients', 2), ('as', 2), ('corporate', 2), ('of', 2), ('creative', 2), ('designer', 2), ('their', 1), ('understanding', 1), ('before', 1), ('product', 1), ('high', 1), ('with', 1), ('creating', 1), ('responsible', 1), ('Keeping', 1), ('The', 1), ('books', 1), ('abreast', 1), ('Their', 1), ('magazines', 1), ('websites', 1), ('posters', 1), ('programs', 1), ('new', 1), ('account', 1), ('required', 1), ('products', 1), ('They', 1), ('communications', 1), ('client', 1), ('concepts', 1), ('that', 1), ('identity', 1), ('manager.', 1), ('brand.', 1), ('Photoshop', 1), ('role', 1), ('appropriate', 1), ('exhibitions', 1)]"
Aerospace and Defense,"[('the', 3), ('duties', 1), ('Manage', 1), ('Site', 1), ('operation', 1), ('which', 1), ('with', 1), ('client.', 1), ('is', 1), ('many', 1), ('see', 1), ('duty', 1), ('has', 1), ('to', 1), ('safety.', 1), ('officer', 1), ('and', 1), ('Safety', 1), ('include:', 1), ('over', 1), ('Deal', 1), ('whole', 1)]"
Agriculture/Forestry/Fishing/Farming,"[('and', 39), ('maintenance', 13), ('for', 10), ('of', 10), ('to', 10), ('the', 9), ('work', 9), ('landscape', 6), ('equipment', 5), ('program', 4), ('needs', 4), ('as', 4), ('complete', 4), ('in', 4), ('safety', 3), ('Maintains', 3), ('installation', 3), ('other', 3), ('all', 3), ('production', 3), ('irrigation', 3), ('repair', 3), ('administers', 3), ('Oversees', 3), ('materials', 3), ('with', 3), ('city', 2), ('The', 2), ('weed', 2), ('areas', 2), ('staff', 2), ('golf', 2), ('specifications', 2), ('budget', 2), ('repair.', 2), ('conducts', 2), ('control', 2), ('grounds', 2), ('needed.', 2), ('policies', 2), ('two', 2), ('resources', 2), ('Coordinates', 2), ('a', 2), ('on', 2), ('courses', 2), ('activities;', 2), ('future', 2), ('programs;', 2), ('identify', 2)]"
Airlines/Aviation   ,"[('and', 11), ('the', 8), ('for', 6), ('of', 6), ('Follow', 5), ('Operations', 4), ('Flight', 4), ('all', 4), ('with', 3), ('that', 3), ('up', 3), ('in', 3), ('regulations', 3), ('Ensure', 3), ('crew', 3), ('&', 3), ('simulator', 2), ('any', 2), ('operational', 2), ('are', 2), ('Manager', 2), ('Assist', 2), ('flight', 2), ('changes.', 2), ('Up', 2), ('pilots', 2), ('fleet', 2), ('aerodrome', 2), ('by', 2), ('medical', 2), ('operations', 2), ('check', 2), ('Planning', 2), ('Asst.', 1), ('F/W', 1), ('airplanes', 1), ('Assume', 1), ('maintained.', 1), ('advice', 1), ('Control', 1), ('licenses', 1), ('development', 1), ('duty', 1), ('recommend', 1), ('kept', 1), ('Prepare', 1), ('efficient', 1), ('routes', 1), ('safe', 1), ('new', 1)]"
Alternative Medicine   ,"[('and', 9), ('with', 5), ('to', 5), ('clinical', 3), ('the', 3), ('for', 3), ('both', 2), ('one', 2), ('products/Technology', 1), ('brand/technology', 1), ('knowledge', 1), ('Organizing', 1), ('benefits', 1), ('customers', 1), ('potential', 1), ('Any', 1), ('cooperation', 1), ('+2', 1), ('brand.5.Training', 1), ('012', 1), ('current', 1), ('educational', 1), ('etc\x94', 1), ('increase', 1), ('devices', 1), ('users', 1), ('group', 1), ('spread', 1), ('best', 1), ('Hesitate', 1), ('Seminars', 1), ('Lectures', 1), ('on', 1), ('Maintaining', 1), ('different', 1), ('early', 1), ('scientific', 1), ('awareness.4.Coordinating', 1), ('ups.6-', 1), ('Knowledge', 1), ('Building', 1), ('products/technology', 1), ('events.3.Planning', 1), ('me', 1), ('0000', 1), ('users/customers', 1), ('assure', 1), ('relationships', 1), ('25', 1), ('presentation', 1)]"
Animation   ,"[('and', 11), ('to', 6), ('3D', 4), ('with', 3), ('animation', 3), ('create', 3), ('productions.\x95', 2), ('Coordinate', 2), ('videos', 2), ('interactive', 2), ('the', 2), ('Develop', 2), ('animations.\x95', 2), ('computer', 2), ('for', 2), ('life-like', 2), ('production', 2), ('involving', 1), ('staffs', 1), ('judgment', 1), ('control', 1), ('Change', 1), ('ensure', 1), ('shadow', 1), ('Responsibilities', 1), ('technology', 1), ('project.', 1), ('understand', 1), ('graphics.\x95', 1), ('departments', 1), ('Attend', 1), ('Infographic', 1), ('Review', 1), ('etc', 1), ('graphic', 1), ('build', 1), ('Duties:\x95', 1), ('team', 1), ('analyze', 1), ('renders', 1), ('different', 1), ('develop', 1), ('project', 1), ('able', 1), ('photo', 1), ('requests.\x95', 1), ('skill', 1), ('imagination', 1), ('future', 1), ('Cooperate', 1)]"
Apparel and Fashion   ,"[('and', 17), ('to', 9), ('the', 9), ('social', 7), ('media', 7), ('online', 6), ('in', 6), ('To', 5), ('of', 5), ('Home', 3), ('with', 3), ('fashion', 3), ('Scarf', 3), ('Monitor', 3), ('e-commerce', 3), ('sales', 3), ('corporate', 3), ('channels', 2), ('all', 2), ('development', 2), ('presentation', 2), ('performance', 2), ('related', 2), ('up', 2), ('trends', 2), ('a', 2), ('on', 2), ('content', 2), ('is', 2), ('YouTube', 1), ('regular', 1), ('ensure', 1), ('employee', 1), ('product', 1), ('that', 1), ('across', 1), ('designers', 1), ('managers', 1), ('through', 1), ('standard', 1), ('Twitter', 1), ('sites', 1), ('etc', 1), ('strength\x92s', 1), ('executed', 1), ('results', 1), ('ideal', 1), ('networking', 1), ('Work', 1), ('provide', 1)]"
Architectural and Design Services,"[('and', 6), ('completing', 2), ('sales', 2), ('implementing', 2), ('marketing', 2), ('Description:', 1), ('audits;', 1), ('problems;', 1), ('operational', 1), ('preparing', 1), ('action', 1), ('Internship', 1), ('quality', 1), ('strategic', 1), ('change.', 1), ('identifying', 1), ('will', 1), ('date:', 1), ('customer-service', 1), ('The', 1), ('information', 1), ('objectives', 1), ('Achieves', 1), ('intern', 1), ('Application', 1), ('plans;', 1), ('standards;', 1), ('Deadline:', 1), ('improvements;', 1), ('learn:', 1), ('system', 1), ('Job', 1), ('contributing', 1), ('reviews;', 1), ('determining', 1), ('resolving', 1), ('to', 1), ('productivity', 1), ('by', 1), ('Duration:', 1), ('plans', 1), ('trends;', 1), ('Start', 1), ('recommendations', 1), ('production', 1)]"
Arts and Crafts   ,"[('of', 3), ('with', 2), ('and', 2), ('material', 1), ('display', 1), ('Portfolio', 1), ('catalogs', 1), ('designing', 1), ('on', 1), ('the', 1), ('subject', 1), ('portfolio', 1), ('redesign', 1), ('company', 1), ('send', 1), ('Supervise', 1), ('be', 1), ('international', 1), ('packaging;', 1), ('also', 1), ('line', 1), ('Posters', 1), ('will', 1), ('a', 1), ('zjsha3sha3a@gmail.com', 1), ('your', 1), ('sample', 1), ('charge', 1), ('local', 1), ('assigned', 1), ('WUZZUF', 1), ('execution', 1), ('for', 1), ('candidate', 1), ('in', 1), ('fairs.', 1), ('Please', 1), ('Successful', 1)]"
Automotive Sales and Repair Services,"[('the', 8), ('and', 4), ('to', 2), ('obtain', 2), ('workshop', 2), ('of', 2), ('in', 2), ('safety', 1), ('understanding', 1), ('Manage', 1), ('which', 1), ('Follow', 1), ('shop.', 1), ('up', 1), ('parts.', 1), ('business', 1), ('quality', 1), ('availability', 1), ('A', 1), ('Monitor', 1), ('about', 1), ('facility.', 1), ('external', 1), ('Focus', 1), ('Productivity', 1), ('Satisfaction.', 1), ('needs', 1), ('clear', 1), ('standards', 1), ('within', 1), ('environments', 1), ('Achieve', 1), ('backs', 1), ('controllers', 1), ('efficient', 1), ('operates.', 1), ('solution', 1), ('complexities', 1), ('work', 1), ('on', 1), ('records', 1), ('position', 1), ('Supervise', 1), ('max', 1), ('customer', 1), ('target.', 1), ('efficiency', 1), ('maximum', 1), ('(company)', 1), ('productivity', 1)]"
Automotive and Parts Manufacturing,"[('and', 9), ('to', 8), ('the', 8), ('of', 5), ('customer', 4), ('for', 3), ('be', 3), ('in', 3), ('work', 3), ('hours', 2), ('a', 2), ('at', 2), ('out', 2), ('parts', 2), ('accessories', 2), ('vehicle', 2), ('available', 2), ('face', 2), ('delivery', 1), ('diagnostic', 1), ('approved', 1), ('ensure', 1), ('you\x92ll', 1), ('them', 1), ('forefront', 1), ('with', 1), ('Ordering', 1), ('adhere', 1), ('most', 1), ('will', 1), ('carried', 1), ('problems', 1), ('additional', 1), ('repair', 1), ('sold', 1), ('occur', 1), ('Responsibilities', 1), ('range', 1), ('support', 1), ('tracking', 1), ('Promoting', 1), ('environment.', 1), ('industry', 1), ('technology', 1), ('costs', 1), ('automotive', 1), ('Estimating', 1), ('dealership', 1), ('Internal', 1), ('phone', 1)]"
Aviation and Aerospace   ,"[('and', 9), ('travel', 5), ('accommodation', 3), ('clients', 2), ('local', 2), ('bookings', 2), ('to', 2), ('requirements', 1), ('required.', 1), ('requirements.', 1), ('Confirm', 1), ('related', 1), ('advice', 1), ('interstate', 1), ('tickets', 1), ('with', 1), ('limits', 1), ('passport', 1), ('visa', 1), ('regulations.', 1), ('arrangements', 1), ('information', 1), ('changes', 1), ('notify', 1), ('customs', 1), ('options.', 1), ('insurance', 1), ('Make', 1), ('vouchers', 1), ('Discuss', 1), ('relevant', 1), ('routes', 1), ('documentation.', 1), ('on', 1), ('where', 1), ('currency', 1), ('suitable', 1), ('client', 1), ('bookings.', 1), ('Provide', 1), ('international', 1), ('luggage', 1), ('concerning', 1), ('of', 1), ('Assist', 1), ('medical', 1), ('Issue', 1), ('for', 1), ('all', 1), ('tours', 1)]"
Banking,"[('to', 3), ('the', 3), ('department', 3), ('working', 2), ('call', 1), ('Service', 1), ('center', 1), ('Working', 1), ('Operations', 1), ('multinational', 1), ('interns', 1), ('service', 1), ('/', 1), ('in', 1), ('performance', 1), ('Rotational', 1), ('11', 1), ('according', 1), ('customer', 1), ('day', 1), ('hours', 1), ('Teller', 1), ('Conditions:', 1), ('opportunity', 1), ('a', 1), ('Paid', 1), ('transfer', 1), ('Customer', 1), (':', 1), ('internally', 1), ('of', 1), ('and', 1), ('8', 1), ('Department', 1), ('internship', 1), ('shifts', 1), ('offs', 1), ('months', 1), ('days', 1), ('5', 1), ('bankproviding', 1)]"
Biotechnology   ,"[('sales', 6), ('and', 4), ('marketing', 4), ('reports', 3), ('&', 3), ('for', 3), ('Analyze', 2), ('about', 2), ('team', 2), ('Make', 2), ('new', 2), ('the', 2), ('data', 2), ('Forecast', 1), ('regular', 1), ('customers', 1), ('Search', 1), ('with', 1), ('that', 1), ('growth', 1), ('current', 1), ('through', 1), ('or', 1), ('launches', 1), ('performance.', 1), ('etc.', 1), ('track', 1), ('base', 1), ('targeted', 1), ('initiatives', 1), ('written', 1), ('exhibition', 1), ('long-term).', 1), ('feedback', 1), ('products.', 1), ('team.', 1), ('prospecting', 1), ('(short-term', 1), ('Identify', 1), ('(tabulated', 1), ('market.', 1), ('workshops', 1), ('required', 1), ('products', 1), ('graphically)', 1), ('events', 1), ('overall', 1), ('monthly', 1), ('all', 1), ('customer', 1)]"
Broadcasting Music and Film,"[('and', 8), ('to', 5), ('a', 3), ('equipment', 3), ('video', 3), ('of', 3), ('AV', 2), ('Ability', 2), ('systems', 2), ('Thorough', 2), ('operate', 1), ('audio', 1), ('workload.', 1), ('level', 1), ('high', 1), ('knowledge', 1), ('broadcasting', 1), ('microphones', 1), ('lights', 1), ('switching', 1), ('establishes', 1), ('Flexibility', 1), ('skills', 1), ('in', 1), ('busy', 1), ('Knowledge', 1), ('organizational', 1), ('digital', 1), ('pieces', 1), ('adaptability', 1), ('cope', 1), ('IP', 1), ('point-to-point', 1), ('situations', 1), ('auxiliary', 1), ('them', 1), ('report', 1), ('with', 1), ('allows', 1), ('automation', 1), ('computers', 1), ('various', 1), ('quickly', 1), ('writing.', 1), ('projection', 1), ('interconnects', 1), ('should', 1), ('possessing', 1), ('such', 1), ('self-confidence.', 1)]"
Business Services - Other,"[('by', 6), ('customer', 5), ('and', 4), ('information.', 3), ('product', 2), ('potential', 2), ('information', 2), ('collecting', 2), ('or', 2), ('analyzing', 2), ('account', 2), ('service', 2), ('products', 2), ('to', 2), ('except', 1), ('customers', 1), ('effort', 1), ('be', 1), ('questions;', 1), ('about', 1), ('Opens', 1), ('will', 1), ('accounts', 1), ('provided.', 1), ('Maintains', 1), ('management', 1), ('results', 1), ('team', 1), ('5', 1), ('as', 1), ('Training', 1), ('needed.', 1), ('week', 1), ('Job', 1), ('Working', 1), ('a', 1), ('Recommends', 1), ('related', 1), ('updating', 1), ('Friday.', 1), ('reports', 1), ('records', 1), ('days:', 1), ('Attracts', 1), ('services', 1), ('recording', 1), ('Prepares', 1), ('answering', 1), ('needs.', 1), ('suggesting', 1)]"
Business Supplies and Equipment   ,"[('of', 49), ('the', 41), ('and', 31), ('services', 12), ('Service', 12), ('to', 9), ('in', 8), ('for', 8), ('Center', 6), ('with', 6), ('implementation', 6), ('common', 6), ('Center.', 4), ('strategies', 4), ('on', 4), ('company', 4), ('development', 4), ('management', 4), ('Elaboration', 3), ('efficient', 3), ('effective', 3), ('ensure', 2), ('that', 2), ('quality', 2), ('contributions', 2), ('staff', 2), ('SC', 2), ('are', 2), ('processes', 2), ('Establishment', 2), ('business', 2), ('full', 2), ('Center\x92s', 2), ('operations', 2), ('meetings', 2), ('focusing', 2), ('knowledge', 2), ('establishment', 2), ('operation', 2), ('Management', 2), ('Ensuring', 2), ('advice', 2), ('organization', 2), ('activities', 2), ('practices', 2), ('Identification', 2), ('best', 2), ('including', 2), ('sharing', 2), ('order', 2)]"
Capital Markets   ,"[('data/information', 5), ('Private', 4), ('&', 4), ('Companies', 3), ('Collecting', 3), ('DirectFN', 3), ('Contributing', 3), ('required', 3), ('the', 3), ('DCP', 3), ('of', 3), ('approved', 2), ('from', 2), ('Individuals/People', 2), ('to', 2), ('on', 2), ('sources', 2), ('using', 2), ('covered', 2), ('assigned', 2), ('Uploading', 1), ('quantity', 1), ('fronts', 1), ('related', 1), ('countries', 1), ('Process)', 1), ('private', 1), ('through', 1), ('universe', 1), ('Completeness', 1), ('within', 1), ('(Based', 1), ('new', 1), ('contributed', 1), ('Meeting', 1), ('information', 1), ('disclosures', 1), ('individual', 1), ('Linking', 1), ('3', 1), ('key', 1), ('Companies)', 1), ('companies', 1), ('data', 1), ('files', 1), ('(Linked', 1), ('production', 1), ('objectives', 1), ('for', 1), ('coverage', 1)]"
Chemicals/Petro-Chemicals,"[('and', 10), ('all', 6), ('of', 5), ('with', 4), ('laboratory', 4), ('the', 4), ('high', 3), ('quality', 3), ('to', 3), ('that', 2), ('possible', 2), ('a', 2), ('fully', 2), ('Health', 2), ('Lab', 2), ('for', 2), ('in', 2), ('SOP', 2), ('recipe', 2), ('compliance', 2), ('SOPs.', 2), ('Safety', 2), ('safety', 1), ('sustain', 1), ('ensure', 1), ('5S', 1), ('customers', 1), ('per-screening', 1), ('Comply', 1), ('sample', 1), ('done', 1), ('logging', 1), ('times.', 1), ('management', 1), ('highest', 1), ('matches', 1), ('Achieve', 1), ('Adhere', 1), ('risk', 1), ('Through', 1), ('housekeeping.', 1), ('level', 1), ('among', 1), ('principles', 1), ('staff', 1), ('Submit', 1), ('Laboratory', 1), ('resulting', 1), ('operation', 1), ('using', 1)]"
Clothing and Textile Manufacturing,"[('Technical', 4), ('trouble', 3), ('of', 3), ('machines', 3), ('and', 3), ('shooting', 3), ('support', 3), ('printing', 2), ('screen', 1), ('above', 1), ('Flat', 1), ('any', 1), ('the', 1), ('circular', 1), ('is', 1), ('preffered', 1), ('silk', 1), ('&', 1), ('.', 1), ('experince', 1), ('available', 1), ('Digital', 1), ('knitting', 1), ('training', 1), ('in', 1), ('textile', 1)]"
Computer Games   ,"[('the', 3), ('and', 3), ('with', 3), ('new', 2), ('customers', 2), ('Develop', 2), ('business', 2), ('up/cross-selling', 1), ('Generating', 1), ('leads', 1), ('on', 1), ('ups', 1), ('relationships', 1), ('territory', 1), ('existing', 1), ('expand', 1), ('prospects', 1), ('customers.', 1), ('relationship', 1), ('follow', 1), ('Renew', 1), ('online', 1), ('products.', 1), ('telephone', 1), ('via', 1), ('additional', 1), ('collaboration', 1), ('by', 1), ('in', 1), ('calling', 1), ('tools.', 1), ('Cold', 1), ('deals', 1), ('Identify', 1)]"
Computer Hardware,"[('and', 7), ('to', 4), ('parts', 4), ('machinery', 3), ('instruments', 2), ('faults', 2), ('make', 1), ('schedules', 1), ('schedule', 1), ('quality', 1), ('be', 1), ('accurate', 1), ('or', 1), ('immediately', 1), ('Checking', 1), ('recalibrating', 1), ('Oiling', 1), ('Responding', 1), ('they', 1), ('replacing', 1), ('Fixing', 1), ('checks', 1), ('replacements', 1), ('arranging', 1), ('new', 1), ('out', 1), ('breakdowns', 1), ('on', 1), ('servicing', 1), ('Fitting', 1), ('Finding', 1), ('according', 1), ('scheduled', 1), ('routine', 1), ('inspections', 1), ('cleaning', 1), ('are', 1), ('Overhauling', 1), ('Making', 1), ('calibrating', 1), ('Organising', 1), ('for', 1), ('Carrying', 1), ('fixing', 1), ('installed', 1), ('sure', 1)]"
Computer Networking   ,"[('by', 11), ('and', 10), ('data', 8), ('customer', 5), ('account', 5), ('information', 4), ('to', 4), ('Maintains', 3), ('for', 3), ('or', 3), ('reviewing', 3), ('entry', 3), ('inputting', 2), ('following', 2), ('source', 2), ('data;', 2), ('team', 2), ('documents', 2), ('operations', 2), ('discrepancies', 1), ('entered', 1), ('completing', 1), ('returning', 1), ('duplication', 1), ('leader', 1), ('both', 1), ('purging', 1), ('correcting', 1), ('compiling', 1), ('systems', 1), ('system', 1), ('optical', 1), ('information;', 1), ('new', 1), ('confidence', 1), ('deleting', 1), ('using', 1), ('deficiencies;', 1), ('scanner', 1), ('files', 1), ('combining', 1), ('Tests', 1), ('resolving', 1), ('incomplete', 1), ('procedures.', 1), ('resolution.', 1), ('computer', 1), ('from', 1), ('backups.', 1), ('protects', 1)]"
Computer Software,"[('to', 2), ('work', 2), ('in', 2), ('Drupal', 2), ('new', 1), ('start', 1), ('projects', 1), ('required', 1), ('Senior', 1), ('ability', 1), ('Developer', 1), ('the', 1), ('is', 1), ('under', 1), ('development', 1), ('plus', 1), ('projects.', 1)]"
Computer and Network Security   ,"[('and', 6), ('marketing', 3), ('on', 2), ('the', 2), ('strategies', 2), ('to', 2), ('Analyze', 1), ('alongside', 1), ('staff.', 1), ('organization.', 1), ('messaging', 1), ('relationships', 1), ('media.', 1), ('with', 1), ('company', 1), ('all', 1), ('trends', 1), ('business', 1), ('development', 1), ('objectives.', 1), ('analysis', 1), ('branding', 1), ('effective', 1), ('most', 1), ('Plan', 1), ('media', 1), ('consumers', 1), ('other', 1), ('Deepen', 1), ('ensure', 1), ('Prepare', 1), ('changes', 1), ('executives', 1), ('of', 1), ('positioning', 1), ('social', 1), ('feedback.', 1), ('recommend', 1), ('based', 1), ('market', 1), ('Engage', 1)]"
Computer/IT Services,"[('#NAME?', 1)]"
Construction - Industrial Facilities and Infrastructure,"[('Engineer', 1), ('Sales', 1), ('Electrical', 1)]"
Construction - Residential & Commercial/Office,"[('?', 1)]"
Consumer Electronics   ,"[('of', 3), ('and', 3), ('duties', 2), ('customer', 2), ('warranty', 2), ('Handles', 1), ('informing', 1), ('their', 1), ('out', 1), ('Performs', 1), ('expectations', 1), ('customers\x92', 1), ('escalation', 1), ('towards', 1), ('high', 1), ('with', 1), ('that', 1), ('services', 1), ('quality', 1), ('all', 1), ('through', 1), ('accurate', 1), ('related', 1), ('handling', 1), ('a', 1), ('confidentiality', 1), ('times', 1), ('them', 1), ('degree', 1), ('to', 1), ('complaints', 1), ('at', 1), ('responsibility', 1), ('customers', 1), ('Adheres', 1), ('rights', 1), ('Maintains', 1), ('exceeds', 1), ('efficient', 1), ('other', 1), ('Provides', 1), ('procedures', 1)]"
Consumer Packaged Goods Manufacturing,"[('the', 14), ('and', 8), ('to', 5), ('of', 3), ('customers', 2), ('on', 2), ('service', 2), ('Promote', 2), ('customer\x92s', 2), ('for', 2), ('products', 2), ('good', 1), ('periodically', 1), ('Manage', 1), ('direction', 1), ('customers\x92', 1), ('Follow', 1), ('related', 1), ('potential', 1), ('up', 1), ('with', 1), ('that', 1), ('database.', 1), ('increase', 1), ('bases', 1), ('customers.', 1), ('promote', 1), ('or', 1), ('terms', 1), ('head.', 1), ('values', 1), ('help', 1), ('needs', 1), ('at', 1), ('provided', 1), ('as', 1), ('time.', 1), ('feedback', 1), ('products.', 1), ('suggestions', 1), ('product', 1), ('we', 1), ('over', 1), ('a', 1), ('complaint', 1), ('new', 1), ('relationships.', 1), ('report', 1), ('section', 1), ('client', 1)]"
Consumer Services   ,"[('and', 5), ('to', 5), ('for', 3), ('with', 2), ('be', 2), ('Able', 2), ('Microsoft', 2), ('Handles', 1), ('Description:', 1), ('follow-up', 1), ('effectively', 1), ('nights', 1), ('Center', 1), ('resume', 1), ('contacted.', 1), ('Only', 1), ('communicate', 1), ('selected', 1), ('this', 1), ('professionally', 1), ('your', 1), ('customers.*', 1), ('interviews', 1), ('looking', 1), ('Word', 1), ('Must', 1), ('staff..', 1), ('as', 1), ('established', 1), ('calls', 1), ('responds', 1), ('will', 1), ('able', 1), ('apply', 1), ('relevant', 1), ('efficient', 1), ('solutions.*', 1), ('call', 1), ('hr@abcdynamics.org', 1), ('Departments', 1), ('window', 1), ('Job', 1), ('where', 1), ('Arabic', 1), ('weekends.*', 1), ('position', 1), ('send', 1), ('please', 1), ('customer', 1), ('complaint', 1)]"
Cosmetics   ,"[('????', 20), ('?¹??', 10), ('.', 9), ('???³?¦????', 9), ('?§??', 8), ('?§????????', 4), ('??????', 4), ('???§?????£???¯', 3), ('?§?????????¬', 3), ('?¨?§?????³??', 3), ('?§???¹???????©', 3), ('???????§??', 2), ('?§?????´??????', 2), ('?§???§?????§?¬???©.', 2), ('?¹???????§.', 2), ('?§???±???§?¨?©', 2), ('?§?³?????§??', 2), ('??', 2), ('?§?????§??', 2), ('?§???§?????§?¬', 2), ('?µ?\xad?©', 2), ('?¬?????¹', 2), ('?§???¹?§????????', 2), ('?????§?????§?¬', 2), ('?§???§?????§?¬???©', 2), ('???·?¨???¹?§??', 2), ('?\xad???«', 2), ('???µ???¹', 2), ('?§???®?§?µ?©', 2), ('?§???¨???§???§??', 2), ('???³??????', 2), ('???????§?¨?¹?©', 2), ('?§???¥?????§?¬', 2), ('?§?????£???¯', 2), ('?§???³?§?¨??', 2), ('?¹???????©', 2), ('???±?§???¨?©', 1), ('?????§?????§?¬.', 1), ('?¨?§???§?????§?¬', 1), ('?????§??', 1), ('?§?????®??????', 1), ('?§???§?¹?·?§??', 1), ('?§?????µ??', 1), ('?§?¬?²?§??', 1), ('?§???³?§?¨???©', 1), ('?§??????', 1), ('???§???\xad???±', 1), ('?§???£?¬?§?²?§??', 1), ('?§???§?????²?§??', 1), ('?¬???¯?©', 1)]"
Dairy   ,"[('of', 3), ('Dairy', 1), ('manager', 1), ('expanding', 1), ('need', 1), ('different', 1), ('size', 1), ('manage', 1), ('kinds', 1), ('prducing', 1), ('a', 1), ('are', 1), ('to', 1), ('We', 1), ('cheese', 1), ('and', 1), ('plant', 1), ('increasing', 1), ('the', 1), ('operations', 1), ('we', 1), ('production', 1), ('an', 1)]"
Education,"[('the', 11), ('and', 6), ('of', 6), ('to', 4), ('campaigns', 3), ('on', 3), ('e-marketing', 3), ('Creating', 3), ('-', 3), ('work', 3), ('system', 2), ('adwords', 2), ('team', 2), ('Marketing', 2), ('Google', 2), ('staff', 2), ('social', 2), ('day', 2), ('company', 2), ('media', 2), ('plans', 2), ('for', 2), ('activities', 2), ('periodically', 1), ('Full', 1), ('Digital', 1), ('Follow', 1), ('(Facebook', 1), ('up', 1), ('with', 1), ('Youtube', 1), ('achieve', 1), (')', 1), ('15', 1), ('action', 1), ('achieving', 1), ('ways', 1), ('Consultant', 1), ('a', 1), ('path', 1), ('twitter', 1), ('updated', 1), ('campaigns.', 1), ('preparation', 1), ('prepare', 1), ('daily', 1), ('years', 1), ('systems', 1), ('direct', 1), ('advertising', 1)]"
Electronics Components and Semiconductor Mfg,"[('the', 6), ('marketing', 3), ('of', 3), ('and', 3), ('coordinate', 1), ('aimed', 1), ('improving', 1), ('manager', 1), ('company\x92s', 1), ('products.', 1), ('performance', 1), ('with', 1), ('company.', 1), ('is', 1), ('Admin\x92s', 1), ('Improve', 1), ('business', 1), ('various', 1), ('research', 1), ('activities.', 1), ('Works', 1), ('generating', 1), ('to', 1), ('Marketing', 1), ('brands', 1), ('at', 1), ('Junior', 1), ('plans', 1), ('job', 1), ('reports.', 1), ('for', 1), ('activities', 1), ('Helps', 1), ('in', 1), ('all', 1), ('closely', 1), ('market', 1), ('implementation', 1)]"
Energy and Utilities,"[('customers', 4), ('and', 3), ('to', 3), ('for', 3), ('quotations', 3), ('with', 2), ('order', 2), ('Communicate', 2), ('internal', 2), ('regular', 1), ('follow-up', 1), ('Manage', 1), ('help', 1), ('open', 1), ('Identify', 1), ('up', 1), ('gate-keepers', 1), ('specs', 1), ('delivery.', 1), ('process', 1), ('Egypt.', 1), ('customers.', 1), ('Follow', 1), ('if', 1), ('Coordinate', 1), ('daily', 1), ('visits', 1), ('a', 1), ('after', 1), ('each', 1), ('at', 1), ('visit', 1), ('visit.', 1), ('needed.', 1), ('account', 1), ('product', 1), ('sales', 1), ('status.', 1), ('customer.', 1), ('portfolio.', 1), ('from', 1), ('new', 1), ('track', 1), ('up.', 1), ('products', 1), ('report', 1), ('Plan', 1), ('all', 1), ('Key', 1), ('various', 1)]"
Engineering - Mechanical or Industrial   ,"[('the', 6), ('of', 5), ('in', 5), ('capacity', 3), ('to', 3), ('with', 2), ('and', 2), ('sections', 2), ('all', 2), ('maximum', 2), ('Coordination', 1), ('certification', 1), ('level', 1), ('up', 1), ('possible', 1), ('optimizing', 1), ('responsible', 1), ('feeding', 1), ('development', 1), ('Production', 1), ('a', 1), ('best', 1), ('Obour', 1), ('City', 1), ('preparation', 1), ('Improvement', 1), ('ISO/TS16949', 1), ('Senior', 1), ('Department', 1), ('aim', 1), ('for', 1), ('continuous', 1), ('less', 1), ('Engineer', 1), ('on', 1), ('El', 1), ('industry', 1), ('Industrial', 1), ('automotive', 1), ('Help', 1), ('for:', 1), ('technical', 1), ('Following', 1), ('time', 1), ('productivity', 1), ('get', 1), ('plant', 1), ('reach', 1), ('large', 1), ('factory', 1)]"
Engineering Services,"[('and', 10), ('the', 9), ('to', 8), ('product', 5), ('Product', 5), ('we', 4), ('be', 4), ('of', 4), ('will', 3), ('a', 3), ('in', 3), ('design', 3), ('&', 3), ('that', 2), ('Develop', 2), ('process', 2), ('development', 2), ('SAND', 2), ('you', 2), ('Evolution', 2), ('for', 2), ('mission', 1), ('perfect', 1), ('any', 1), ('make', 1), ('them', 1), ('with', 1), ('Need', 1), ('how', 1), ('Middle', 1), ('thinking', 1), ('Production', 1), ('East', 1), ('Design\x92s', 1), ('Egypt', 1), ('problems', 1), ('summarized', 1), ('phases', 1), ('design.This', 1), ('delivering', 1), ('Concept(s)', 1), ('he/she', 1), ('Leading', 1), ('five', 1), ('unconventional', 1), ('potential', 1), ('products', 1), ('Industrial', 1), ('go', 1), ('In', 1)]"
Entertainment   ,"[('and', 9), ('the', 9), ('that', 5), ('jumpers', 5), ('or', 5), ('all', 5), ('with', 3), ('supervisor', 3), ('Ensure', 3), ('of', 3), ('any', 2), ('are', 2), ('other', 2), ('jumping', 2), ('have', 2), ('rules', 2), ('by', 2), ('discipline', 1), ('Description:', 1), ('no', 1), ('safety', 1), ('duty', 1), ('ensure', 1), ('make', 1), ('customers', 1), ('their', 1), ('as', 1), ('Internship', 1), ('functioning', 1), ('clean.', 1), ('Inform', 1), ('Application', 1), ('his', 1), ('proper', 1), ('inform', 1), ('Coordinate', 1), ('will', 1), ('closing', 1), ('issues', 1), ('times.', 1), ('Customer', 1), ('management', 1), ('jumpers.', 1), ('skills', 1), ('they', 1), ('springs', 1), ('areas', 1), ('Instantly', 1), ('area', 1), ('not', 1)]"
Environmental Services   ,"[('and', 19), ('the', 6), ('for', 5), ('with', 4), ('to', 4), ('new', 3), ('in', 3), ('Develop', 3), ('of', 3), ('customers', 2), ('most', 2), ('savings', 2), ('manage', 2), ('energy', 2), ('sales', 2), ('project', 2), ('use', 2), ('market', 2), ('rebate', 2), ('tools', 2), ('Determine', 2), ('coordinate', 1), ('identify', 1), ('product', 1), ('necessary', 1), ('that', 1), ('efficiency', 1), ('models', 1), ('strategic', 1), ('through', 1), ('complete', 1), ('application.', 1), ('goals.', 1), ('proposals', 1), ('analysis', 1), ('various', 1), ('calculations', 1), ('utility', 1), ('Work', 1), ('feasibility', 1), ('obtain', 1), ('matters.', 1), ('course', 1), ('collateral', 1), ('identified', 1), ('area', 1), ('programs', 1), ('support', 1), ('required', 1), ('areas.', 1)]"
FMCG,"[('and', 10), ('the', 7), ('maintenance', 3), ('production', 3), ('follow-up', 2), ('Manage', 2), ('as', 2), ('plant', 2), ('register', 2), ('line', 2), ('of', 2), ('monitor', 2), ('external', 2), ('installation', 2), ('Electric', 1), ('with', 1), ('actions', 1), ('waste', 1), ('industrial', 1), ('internal', 1), ('Monitor', 1), ('consumption', 1), ('Coordinate', 1), ('Plan', 1), ('to', 1), ('team', 1), ('analyze', 1), ('Production', 1), ('(including', 1), ('Oversee', 1), ('within', 1), ('improve', 1), ('Elements:', 1), ('Vehicles', 1), ('freezing', 1), ('machinery', 1), ('Boiler', 1), ('water', 1), ('machine', 1), ('on', 1), ('elements', 1), ('performance', 1), ('services', 1), ('(steam', 1), ('all', 1), ('electricity', 1), ('company', 1), ('cooling', 1), ('Cooling', 1), ('generator)', 1)]"
Financial Services,"[('and', 7), ('ensure', 2), ('with', 2), ('the', 2), ('content', 2), ('Check', 2), ('of', 2), ('assigned', 2), ('monitoring', 1), ('spelling', 1), ('Reporters', 1), ('facts', 1), ('that', 1), ('match', 1), ('schedule', 1), ('guide', 1), ('analytical', 1), ('as', 1), ('Managing', 1), ('duties', 1), ('a', 1), ('team', 1), ('Responsibilities:', 1), ('Other', 1), ('to', 1), ('structured', 1), ('written', 1), ('Ensure', 1), ('standards', 1), ('in', 1), ('images', 1), ('met', 1), ('including', 1), ('Editors', 1), ('grammar', 1), ('raise', 1), ('Submit', 1), ('revising', 1), ('on', 1), ('logically', 1), ('style', 1), ('queries', 1), ('is', 1), ('edits', 1), ('Translators', 1), ('text', 1), ('well', 1), ('Correct', 1), ('are', 1), ('publications', 1)]"
Fine Art   ,"[('The', 2), ('ideal', 2), ('will', 2), ('for', 2), ('candidate', 2), ('Email', 1), ('Media', 1), ('Logos/Branding', 1), ('Co-founders.', 1), ('Designer:', 1), ('with', 1), ('creating', 1), ('Virtousos', 1), ('Templates', 1), ('be', 1), ('Newsletters', 1), ('responsible', 1), ('a', 1), ('Templates.', 1), ('layouts', 1), ('Labs', 1), ('Website/Web', 1), ('looking', 1), ('and', 1), ('Application', 1), ('Social', 1), ('Graphics', 1), ('is', 1), ('closely', 1), ('work', 1)]"
Food and Beverage Production,"[('the', 7), ('and', 6), ('to', 6), ('with', 3), ('for', 3), ('content', 3), ('of', 3), ('email', 2), ('a', 2), ('skills', 2), ('appropriate', 2), ('on', 2), ('/', 2), ('communication', 2), ('team', 2), ('CRM', 2), ('necessary', 1), ('examples', 1), ('channels', 1), ('boosting', 1), ('designers', 1), ('administration', 1), ('campaigns', 1), ('written', 1), ('SMS', 1), ('Make', 1), ('Proven', 1), ('closely', 1), ('similar', 1), ('new', 1), ('out', 1), ('problem-solving', 1), ('using', 1), ('performance', 1), ('strategies', 1), ('outputs', 1), ('customer', 1), ('output', 1), ('Collaborate', 1), ('Prepare', 1), ('role', 1), ('tools/platforms', 1), ('media', 1), ('organization\x92s', 1), ('Able', 1), ('push', 1), ('get', 1), ('brief', 1), ('textual', 1), ('Excellent', 1)]"
Furniture   ,"[('and', 7), ('the', 5), ('to', 5), ('customers', 4), ('be', 3), ('To', 3), ('of', 3), ('We', 2), ('working', 2), ('build', 2), ('for', 2), ('willing', 1), ('while', 1), ('pay', 1), ('customers\x92', 1), ('-', 1), ('special', 1), ('new', 1), ('procedures', 1), ('candidate', 1), ('attention', 1), ('achieve', 1), ('communicator', 1), ('listener', 1), ('explanation', 1), ('excellent', 1), ('a', 1), ('systems', 1), ('Responsibilities:', 1), ('environment', 1), ('looking', 1), ('at', 1), ('details', 1), ('time', 1), ('Handling', 1), ('to:', 1), ('success.', 1), ('requests', 1), ('usage', 1), ('Job', 1), ('Requirements', 1), ('sales', 1), ('people', 1), ('expect', 1), ('part', 1), ('describe', 1), ('service', 1), ('performance', 1), ('want', 1), ('right', 1)]"
Government and Military,"[('to', 4), ('the', 4), ('database', 3), ('Recovery', 2), ('performance', 2), ('are', 2), ('SQL', 2), ('Objectives', 2), ('or', 2), ('and', 2), ('including', 2), ('way', 2), ('Server', 2), ('Manage', 1), ('ensure', 1), ('company\x92s', 1), ('vendors\x95', 1), ('with', 1), ('that', 1), ('as', 1), ('communication', 1), ('increase', 1), ('most', 1), ('a', 1), ('issues', 1), ('Configure', 1), ('they', 1), ('occur', 1), ('meets', 1), ('log', 1), ('new', 1), ('As', 1), ('provided', 1), ('business\x92', 1), ('we', 1), ('outages', 1), ('weekends\x95', 1), ('can', 1), ('relations', 1), ('brought', 1), ('after-hours', 1), ('\x95', 1), ('servers', 1), ('effective', 1), ('choose', 1), ('Document', 1), ('backups', 1), ('utilities', 1), ('party', 1), ('IT', 1)]"
Graphic Design   ,"[('?', 1)]"
Health Wellness and Fitness   ,"[('&', 3), ('with', 2), ('and', 2), ('Maintain', 2), ('Petty', 1), ('Service', 1), ('Top', 1), ('Manage', 1), ('standards.', 1), ('statistical', 1), ('enquiries', 1), ('level', 1), ('high', 1), ('Undertake', 1), ('Staff', 1), ('Cash', 1), ('administrative', 1), ('Fitness', 1), ('Provide', 1), ('Regular', 1), ('Budget.', 1), ('Trainers', 1), ('Reports.', 1), ('records.', 1), ('Customer', 1), ('Sales', 1), ('Enhance', 1), ('complaints', 1), ('of', 1), ('H.K).', 1), ('emergencies.', 1), ('tasks.', 1), ('Deal', 1), ('Supervise', 1), ('Keep', 1), ('Managements', 1), ('(Receptionists', 1), ('financial', 1), ('a', 1), ('Coach', 1), ('profitability.', 1), ('Equipment.', 1)]"
Healthcare Services and Hospital,"[('to', 5), ('and', 5), ('sales', 3), ('call', 2), ('is', 2), ('in', 2), ('employment', 2), ('due', 1), ('pm', 1), ('no', 1), ('(Monday', 1), ('healthcare', 1), ('cover', 1), ('strong', 1), ('rotations', 1), ('Friday)', 1), ('with', 1), ('benefits.', 1), ('customer-relationships.', 1), ('representatives.', 1), ('\x96', 1), ('vacations', 1), ('Manage', 1), ('Provide', 1), ('Full-time', 1), ('2:30', 1), ('standard', 1), ('Sales', 1), ('competitive', 1), ('Telemarketing', 1), ('management:', 1), ('company\x92s', 1), ('am.', 1), ('analyze', 1), ('calls', 1), ('insurance', 1), ('facilitate', 1), ('unscheduled', 1), ('retention', 1), ('plus', 1), ('related', 1), ('support', 1), ('Typical', 1), ('staff', 1), ('center', 1), ('6:00', 1), ('on', 1), ('the', 1), ('Job', 1), ('logistics', 1)]"
Higher Education   ,"[('and', 4), ('courses', 3), ('customers', 3), ('To:', 1), ('monitoring', 1), ('reports', 1), ('database', 1), ('Operations', 1), ('the', 1), ('requests', 1), ('ManagerWe', 1), ('customer', 1), ('is', 1), ('Fulfilling', 1), ('maintaining', 1), ('Updating', 1), ('responsible', 1), ('visits', 1), ('are', 1), ('environment', 1), ('participants\x92', 1), ('looking', 1), ('Preparing', 1), ('who', 1), ('to:', 1), ('Speciliast', 1), ('Care', 1), ('calls', 1), ('for', 1), ('Reporting', 1), ('Building', 1), ('Receiving', 1), ('execution', 1), ('daily/weekly', 1), ('handling', 1)]"
Hotels and Lodging,"[('and', 12), ('to', 10), ('the', 9), ('in', 5), ('a', 4), ('of', 4), ('with', 3), ('issues', 3), ('system', 3), ('customers', 2), ('application', 2), ('level', 2), ('providing', 2), ('Management', 2), ('are', 2), ('work', 2), ('or', 2), ('needs', 2), ('respond', 2), ('team', 2), ('server', 2), ('as', 2), ('on', 2), ('solutions', 2), ('performance', 2), ('business', 2), ('that', 2), ('by', 2), ('customer', 2), ('Conduct', 1), ('plan.', 1), ('effectively', 1), ('Manage', 1), ('outlined', 1), ('fast', 1), ('Hotels', 1), ('packages', 1), ('resolve', 1), ('reliability', 1), ('investigation', 1), ('through', 1), ('Desk', 1), ('under', 1), ('Work', 1), ('analysis', 1), ('clearly', 1), ('cases', 1), ('problems', 1), ('resolution', 1), ('Lead', 1)]"
Human Resources   ,"[('and', 16), ('to', 4), ('on', 3), ('the', 3), ('sales', 3), ('customer', 2), ('new', 2), ('reports', 2), ('with', 2), ('business', 2), ('by', 2), ('for', 2), ('via', 1), ('managing', 1), ('quarterly/annual', 1), ('customer.', 1), ('potential', 1), ('Time.', 1), ('implementing', 1), ('person', 1), ('be', 1), ('increase', 1), ('trends', 1), ('task.', 1), ('duties', 1), ('in', 1), ('problems', 1), ('management', 1), ('personal', 1), ('written', 1), ('able', 1), ('Maintaining', 1), ('customers', 1), ('perform', 1), ('calls', 1), ('existing', 1), ('predetermined', 1), ('services.', 1), ('partnerships', 1), ('deploying', 1), ('Employees', 1), ('goals', 1), ('emails', 1), ('expected', 1), ('account', 1), ('service', 1), ('industry', 1), ('relationships', 1), ('organizes', 1), ('exceeds', 1)]"
Import and Export   ,"[('for', 6), ('a', 3), ('looking', 3), ('are', 3), ('to', 3), ('who', 3), ('with', 2), ('and', 2), ('new', 2), ('distribution', 1), ('subscriptions.We', 1), ('really', 1), ('employee', 1), ('related', 1), ('not', 1), ('company', 1), ('person', 1), ('look', 1), ('through', 1), ('dont', 1), ('partner', 1), ('daily', 1), ('sites', 1), ('clients', 1), ('We', 1), ('trading', 1), ('salary', 1), ('opportunities', 1), ('specialized', 1), ('job', 1), ('apply.', 1), ('agriculture', 1), ('only', 1), ('operations', 1), ('good.Note', 1), ('paid', 1), ('support', 1), ('from', 1), ('motivated', 1), ('Development', 1), ('Egyptian', 1), ('required', 1), ('the', 1), ('products', 1), ('we', 1), ('please', 1), ('building', 1), (':', 1), ('worldwide', 1), ('highly', 1)]"
Information Technology Services   ,"[('and', 10), ('the', 4), ('our', 3), ('of', 3), ('to', 2), ('social', 2), ('marketing', 2), ('media', 2), ('followers', 1), ('into', 1), ('help', 1), ('customers', 1), ('audienc8', 1), ('that', 1), ('how', 1), ('manage', 1), ('through', 1), ('trends', 1), ('tactics', 1), ('E-', 1), ('accounts', 1), ('participation', 1), ('rep-mail', 1), ('looking', 1), ('fans', 1), ('enjoy', 1), ('?§HOURS', 1), ('have', 1), ('retention', 1), ('convert', 1), ('build', 1), ('active', 1), ('implementation', 1), ('promoters', 1), ('in', 1), ('both', 1), ('company.', 1), ('strategies', 1), ('understand', 1), ('are', 1), ('bestpractices', 1), ('WORK', 1), ('digital', 1), ('We', 1), ('You', 1), ('turn', 1), ('creative', 1), ('yarn', 1), ('for', 1), ('field', 1)]"
Insurance,"[('and', 18), ('marketing', 5), ('market', 5), ('of', 4), ('the', 4), ('all', 4), ('advertising', 3), ('customer', 3), ('in', 3), ('on', 3), ('with', 2), ('research', 2), ('conditions', 2), ('budget', 2), ('Assist', 2), ('activity', 2), ('Execute', 2), ('Monitor', 2), ('as', 2), ('our', 2), ('update', 2), ('promotional', 2), ('coordinate', 1), ('regular', 1), ('deliver', 1), ('analysis', 1), ('we', 1), ('results', 1), ('within', 1), ('activities).', 1), ('light', 1), ('competitor', 1), ('(catalogues', 1), ('staff', 1), ('getting', 1), ('Design', 1), ('products', 1), ('using', 1), ('joint', 1), ('piloting', 1), ('MarCom', 1), ('activities.', 1), ('well', 1), ('satisfaction', 1), ('media', 1), ('distributors', 1), ('conduct', 1), ('for', 1), ('segments', 1), ('other', 1)]"
Internet Services,"[('and', 7), ('to', 6), ('social', 2), ('including', 2), ('face', 2), ('content', 2), ('day', 2), ('company', 2), ('&', 2), ('their', 1), ('Manage', 1), ('managing', 1), ('audience', 1), ('product', 1), ('them', 1), ('reviews', 1), ('audiences', 1), ('channels', 1), ('include', 1), ('manage', 1), ('be', 1), ('orders', 1), ('Monitor', 1), ('communications\x95', 1), ('handle', 1), ('competitors', 1), ('our', 1), ('ability', 1), ('website', 1), ('opportunities', 1), ('on', 1), ('Online', 1), ('develop', 1), ('content\x95', 1), ('impact', 1), ('build', 1), ('Respond', 1), ('conversation', 1), ('support', 1), ('call', 1), ('new', 1), ('writing', 1), ('redirect', 1), ('posts', 1), ('the', 1), ('where', 1), ('engagement\x95', 1), ('performance', 1), ('sales\x95', 1), ('publishing', 1)]"
Legal Services,"[('the', 17), ('to', 6), ('Ensure', 6), ('of', 5), ('are', 4), ('and', 3), ('all', 3), ('that', 2), ('delivering', 2), ('Ensuring', 2), ('bank', 2), ('security', 2), ('People', 2), ('in', 2), ('on', 2), ('adhering', 2), ('their', 2), ('is', 2), ('regular', 1), ('doc\x92s', 1), ('ensure', 1), ('Quality', 1), ('customers', 1), ('with', 1), ('hired', 1), ('quality', 1), ('employees', 1), ('plan/collectors', 1), ('Data.', 1), ('DCR/receipt', 1), ('utilization', 1), ('Complains', 1), ('fully', 1), ('management', 1), ('applying', 1), ('sent', 1), ('leaders', 1), ('Bank.', 1), ('properly', 1), ('quick', 1), ('severity', 1), ('Tracking.', 1), ('especially', 1), ('ACR', 1), ('closed', 1), ('instructions.', 1), ('call', 1), ('new', 1), ('Incentive', 1), ('Collectors', 1)]"
Logistics and Supply Chain   ,"[('to', 2), ('English', 2), ('Arabic', 2), ('from', 1), ('Translator', 1), ('and', 1)]"
Luxury Goods and Jewelry   ,"[('and', 8), ('the', 3), ('of', 3), ('Jewellery', 2), ('materials', 2), ('advertising', 2), ('Develop', 2), ('marketing', 2), ('needed', 2), ('reports', 2), ('coordinate', 1), ('Manage', 1), ('traffic;', 1), ('customers', 1), ('with', 1), ('Execution', 1), ('vendors.', 1), ('analytical', 1), ('budget', 1), ('regarding', 1), ('coordination', 1), ('periodical', 1), ('Egypt', 1), ('campaigns', 1), ('to', 1), ('needs', 1), ('initiatives', 1), ('team', 1), ('Marketing', 1), ('extract', 1), ('develop', 1), ('boutique', 1), ('photo', 1), ('including', 1), ('egypt', 1), ('agencies', 1), ('shootscreative', 1), ('catalogs', 1), ('experience', 1), ('designer', 1), ('give', 1), ('In', 1), ('according', 1), ('database', 1), ('ideas', 1), ('various', 1), ('Co-develop', 1), ('sales', 1), ('plan', 1), ('conduct', 1)]"
Management Consulting Services,"[('and', 21), ('to', 6), ('the', 6), ('of', 5), ('technical', 4), ('for', 4), ('sales', 4), ('in', 4), ('new', 3), ('existing', 3), ('Provides', 3), ('customer', 3), ('customers', 2), ('with', 2), ('customers.', 2), ('support', 2), ('that', 2), ('business', 2), ('is', 2), ('presentations', 2), ('reporting', 2), ('market', 2), ('conventions', 1), ('estimates', 1), ('understanding', 1), ('ensure', 1), ('and/or', 1), ('in-person;', 1), ('requirement.', 1), ('gives', 1), ('corresponds', 1), ('conditions.', 1), ('clear', 1), ('proposals', 1), ('email', 1), ('Participates', 1), ('geomatics', 1), ('presents', 1), ('management', 1), ('results', 1), ('network', 1), ('proposals/quotations.', 1), ('established', 1), ('provide', 1), ('engineer', 1), ('repeat', 1), ('clients.', 1), ('competitor', 1), ('satisfy', 1), ('sets', 1)]"
Manufacturing,"[('and', 36), ('safety', 10), ('of', 9), ('to', 8), ('with', 6), ('that', 5), ('are', 5), ('safe', 4), ('Health', 4), ('health', 4), ('as', 3), ('employees', 3), ('employers', 3), ('They', 3), ('legislation', 3), ('working', 3), ('Safety', 3), ('a', 3), ('comply', 3), ('the', 3), ('policies', 2), ('hazardous', 2), ('procedures', 2), ('such', 2), ('eliminate', 2), ('for', 2), ('reports', 2), ('all', 2), ('occupational', 2), ('officers', 2), ('Carrying', 2), ('substances', 2), ('directors', 2), ('range', 2), ('out', 2), ('producing', 2), ('in', 2), ('practices', 2), ('from', 2), ('or', 2), ('Occupational', 2), ('e.g.', 2), ('inspect', 1), ('suggest', 1), ('diseases.', 1), ('knowledge', 1), ('toxic', 1), ('considering', 1), ('journals;', 1), ('potentially', 1)]"
Marine Manufacturing & Services,"[('and', 6), ('will', 4), ('are', 3), ('You', 3), ('with', 2), ('to', 2), ('the', 2), ('for', 2), ('of', 2), ('good', 1), ('costing', 1), ('managing', 1), ('ensure', 1), ('flow', 1), ('shipment', 1), ('and/or', 1), ('made', 1), ('movement', 1), ('agents.', 1), ('manage', 1), ('responsible', 1), ('be', 1), ('liaise', 1), ('imports', 1), ('a', 1), ('from', 1), ('charging', 1), ('obtained', 1), ('import', 1), ('job', 1), ('partners', 1), ('clearances', 1), ('paperwork', 1), ('oversee', 1), ('quickly', 1), ('goods.', 1), ('imported', 1), ('using', 1), ('arranging', 1), ('sea', 1), ('that', 1), ('Customs', 1), ('overseas', 1), ('Your', 1), ('involve', 1), ('time.', 1), ('air', 1), ('deliveries', 1), ('offices', 1), ('full', 1)]"
Market Research   ,"[('and', 3), ('relationships', 2), ('with', 2), ('responsible', 2), ('be', 2), ('key', 2), ('will', 2), ('for', 2), ('This', 2), ('customer', 2), ('position', 1), ('Purpose:', 1), ('services', 1), ('on', 1), ('personnel', 1), ('Job', 1), ('providing', 1), ('not', 1), ('productive', 1), ('Proactively', 1), ('ongoing', 1), ('maintaining', 1), ('Success', 1), ('making', 1), ('role', 1), ('deals.', 1), ('basis.', 1), ('Customer', 1), ('assesses', 1), ('developing', 1), ('clients.Department:', 1), ('clarifies', 1), ('assigned', 1), ('needs', 1), ('client', 1), ('accounts.', 1), ('Establish', 1), ('mainly', 1), ('in', 1), ('sales', 1), ('validates', 1), ('an', 1)]"
Marketing and Advertising   ,"[('and', 12), ('the', 9), ('to', 9), ('a', 6), ('account', 4), ('of', 4), ('clients', 4), ('design', 4), ('with', 3), ('concepts', 3), ('for', 3), ('or', 3), ('ideas', 3), ('managers', 2), ('brief', 2), ('required', 2), ('Working', 2), ('activities', 2), ('Developing', 2), ('as', 2), ('corporate', 2), ('business', 2), ('time', 2), ('creative', 2), ('identity.', 1), ('requirements', 1), ('their', 1), ('ready', 1), ('printers', 1), ('product', 1), ('high', 1), ('creating', 1), ('designers', 1), ('through', 1), ('complete', 1), ('photographers', 1), ('research', 1), ('books', 1), ('finalized', 1), ('Demonstrating', 1), ('suit', 1), ('within', 1), ('skills', 1), ('illustrative', 1), ('produce', 1), ('choosing', 1), ('interactive', 1), ('purpose', 1), ('Typical', 1), ('illustrators', 1)]"
Media Production   ,"[('and', 8), ('to', 5), ('social', 5), ('design', 5), ('media', 5), ('creative', 4), ('brand', 3), ('for', 3), ('with', 2), ('a', 2), ('on', 2), ('banners', 2), ('in', 2), ('advertising', 2), ('online', 2), ('new', 2), ('the', 2), ('client', 2), ('channels', 2), ('Create', 2), ('Being', 1), ('order', 1), ('which', 1), ('ensure', 1), ('logos', 1), ('idea', 1), ('variations', 1), ('business', 1), ('include', 1), ('through', 1), ('development.\x95', 1), ('development', 1), ('plus.\x95', 1), ('web', 1), ('partner', 1), ('templates.\x95', 1), ('presence', 1), ('results.\x95', 1), ('from', 1), ('Drive', 1), ('teams', 1), ('in-line', 1), ('confirming', 1), ('compliant', 1), ('documents', 1), ('within', 1), ('media.', 1), ('of', 1), ('ideation', 1), ('creation', 1)]"
Medical Devices and Supplies,"[('and', 10), ('the', 8), ('our', 7), ('to', 4), ('customers', 3), ('devices', 3), ('sales', 3), ('all', 3), ('technical', 3), ('training', 3), ('for', 3), ('team', 2), ('Giving', 2), ('service', 2), ('are', 2), ('continuous', 2), ('of', 2), ('in', 2), ('competitors.', 1), ('nurses', 1), ('delivery', 1), ('Preparing', 1), ('their', 1), ('completely', 1), ('with', 1), ('that', 1), ('1-Toward', 1), ('application', 1), ('resolve', 1), ('capabilities', 1), ('customers.', 1), ('Keeping', 1), ('specification', 1), ('about', 1), ('visits', 1), ('knowledge.', 1), ('issues', 1), ('inquires.', 1), ('required', 1), ('Ensure', 1), ('Training', 1), ('multilevel', 1), ('between', 1), ('usage', 1), ('products', 1), ('Identify', 1), ('Customers:', 1), ('raise', 1), ('customers:', 1), ('Train', 1)]"
Military   ,"[('&', 11), ('the', 8), ('and', 7), ('to', 5), ('safety', 4), ('for', 4), ('action', 3), ('them', 2), ('Ensure', 2), ('health', 2), ('updating', 2), ('plans.', 2), ('security', 2), ('emergency', 2), ('policies', 2), ('all', 2), ('business', 2), ('Implement', 2), ('plan', 2), ('by', 2), ('of', 2), ('Safety', 2), ('plans', 2), ('accidents', 2), ('Manage', 1), ('ensure', 1), ('deliver', 1), ('necessary', 1), ('commitment', 1), ('with', 1), ('trainings', 1), ('company', 1), ('preparedness', 1), ('employees', 1), ('change.', 1), ('preventive', 1), ('reducing', 1), ('allocated', 1), ('instructions', 1), ('Establish', 1), ('Security', 1), ('documents', 1), ('system', 1), ('instructions.', 1), ('Health', 1), ('staff', 1), ('improving', 1), ('HSS', 1), ('audit.', 1), ('these', 1)]"
Mining and Metals   ,"[('???????§???????§', 1), ('????', 1), ('?§???§?????²?§??', 1), ('?§?????·?????¨??', 1), ('?¨?±?¬?§??', 1), ('?¹??', 1), ('??????', 1), ('?§???????¯??', 1), ('?³?????§??', 1), ('?§?????§?¬', 1), ('???????¸??????', 1), ('?®???³', 1), ('???????¯?³', 1), ('?\xad?§????', 1), ('?®?¨?±??', 1), ('?¨?§???®?¨?±??', 1), ('???§', 1)]"
Motion Pictures and Film   ,"[('and', 10), ('the', 4), ('in', 4), ('will', 3), ('to', 3), ('technical', 3), ('of', 3), ('equipment', 2), ('be', 2), ('problems', 2), ('IT', 2), ('systems', 2), ('maintenance', 2), ('Your', 2), ('cinemas', 2), ('Coordinating', 1), ('Preventive', 1), ('monitoring', 1), ('coordinator.', 1), ('faults', 1), ('configuring', 1), ('ensure', 1), ('cinema', 1), ('up', 1), ('with', 1), ('Misr', 1), ('Films', 1), ('access', 1), ('through', 1), ('Updating', 1), ('fix', 1), ('try', 1), ('a', 1), ('faulty', 1), ('issues', 1), ('cases', 1), ('themselves', 1), ('smooth', 1), ('looking', 1), ('on', 1), ('computer', 1), ('(including', 1), ('documents', 1), ('hardware/software', 1), ('solution', 1), ('operational', 1), ('escalation', 1), ('our', 1), ('execution', 1), ('support', 1)]"
Music   ,"[('???¨???¹?§??', 2), ('call', 1), ('out', 1), ('?¹????', 1), ('?????¶??', 1), ('???¬?????¹', 1), ('?§??Cosmetics248@gmail.com', 1), ('?????¯???¨?§??', 1), ('center', 1), ('Cv', 1), ('?§???¬???³???§??', 1), ('?³???±???§??', 1), ('sales', 1), ('door?????¯???¨?§??', 1), ('?§????????', 1), ('?????±?³??', 1)]"
Nanotechnology   ,"[('and', 14), ('of', 5), ('customers', 4), ('products', 4), ('sales', 4), ('for', 4), ('the', 4), ('customers;', 4), ('with', 3), ('Assist', 3), ('in', 3), ('services;', 3), ('on', 3), ('and/or', 2), ('a', 2), ('new', 2), ('Manager', 2), ('from', 2), ('to', 2), ('opportunities', 2), ('as', 2), ('Establish', 2), ('promotional', 2), ('Conduct', 1), ('follow-up', 1), ('problems;', 1), ('due', 1), ('product', 1), ('pursue', 1), ('Direct', 1), ('process', 1), ('last', 1), ('pricing', 1), ('target', 1), ('purchasing', 1), ('information;', 1), ('before', 1), ('Solicit', 1), ('feedback', 1), ('accordingly;', 1), ('course', 1), ('creation', 1), ('programs', 1), ('Analyze', 1), ('geography;', 1), ('executes', 1), ('closed;', 1), ('services', 1), ('customer', 1), ('repeat', 1)]"
Nonprofit Charitable Organizations,"[('â??', 3), ('(6', 2), ('????', 2), ('?§?¬?§?¯?©', 2), ('?§???¹????', 1), ('???¹????', 1), ('???????????©', 1), ('?§????', 1), ('??)', 1), ('?¹??', 1), ('?§???§?????©:1-', 1), ('?\xad?§?¬?????§', 1), ('?????§?¹???¯', 1), ('?§???§??', 1), ('?§???§????', 1), ('???¹?§?±?¶:â??', 1), ('???´????', 1), ('?§???\xad?§?³?¨', 1), ('?\xad?§?¬?©', 1), ('10', 1), ('?§???????©', 1), ('?®?¨?±?©', 1), ('??', 1), ('(9', 1), ('???¯???±', 1), ('?§???§?³?±?©', 1), ('?????·?¨?????§???©.', 1), ('???¤????', 1), ('?§?³?¨???¹???§).', 1), ('?§?????¤?³?³?©', 1), ('?³?????§??', 1), ('?§?????¬?????¹', 1), ('???\xad?³?¨', 1), ('?§?????¹?§?±?¶.â??', 1), ('?????§?³?¨.', 1), ('?§???§???¬?????²???©.', 1), ('?µ)', 1), ('?§?????¸?§?¦??', 1), ('?§???¹????:', 1), ('???¬?§??', 1), ('?§???????????©', 1), ('?¹?§????', 1)]"
Oil and Energy   ,"[('customers', 4), ('and', 3), ('to', 3), ('quotations', 3), ('for', 3), ('with', 2), ('order', 2), ('Communicate', 2), ('internal', 2), ('regular', 1), ('follow-up', 1), ('Manage', 1), ('help', 1), ('open', 1), ('Identify', 1), ('up', 1), ('gate-keepers', 1), ('specs', 1), ('delivery.', 1), ('Oil', 1), ('process', 1), ('Egypt.', 1), ('customers.', 1), ('Follow', 1), ('if', 1), ('Coordinate', 1), ('daily', 1), ('visits', 1), ('a', 1), ('from', 1), ('each', 1), ('at', 1), ('visit', 1), ('visit.', 1), ('needed.', 1), ('account', 1), ('product', 1), ('Key', 1), ('sales', 1), ('status.', 1), ('customer.', 1), ('among', 1), ('portfolio.', 1), ('various', 1), ('new', 1), ('track', 1), ('up.', 1), ('products', 1), ('report', 1), ('Plan', 1)]"
Online Media   ,"[('and', 15), ('by', 14), ('equipment', 3), ('for', 3), ('in', 3), ('information', 3), ('professional', 3), ('the', 3), ('to', 3), ('supplies;', 2), ('completing', 2), ('office', 2), ('new', 2), ('inventory', 2), ('person', 2), ('following', 2), ('of', 2), ('data', 2), ('collecting', 2), ('or', 2), ('analyzing', 2), ('on', 2), ('attending', 2), ('evaluating', 2), ('meetings', 2), ('correspondence;', 1), ('knowledge', 1), ('retrieval', 1), ('customers', 1), ('maintenance', 1), ('team', 1), ('participating', 1), ('verifying', 1), ('schedules', 1), ('graphics.Conserves', 1), ('filing', 1), ('techniques.Maintains', 1), ('responsible', 1), ('confidential.Completes', 1), ('telecommunications.Maintains', 1), ('assigning', 1), ('preventive', 1), ('needed.', 1), ('supplies.Ensures', 1), ('information;', 1), ('placing', 1), ('speaking', 1), ('teleconferences', 1), ('retrieving', 1), ('reviewing', 1)]"
Other - Not Classified,"[('web', 4), ('and', 4), ('of', 4), ('to', 3), ('development', 2), ('a', 2), ('websites', 2), ('the', 2), ('all', 2), ('for', 2), ('requirements', 1), ('already', 1), ('forms', 1), ('templates', 1), ('either', 1), ('while', 1), ('Web', 1), ('WordPress', 1), ('Optimizes', 1), ('into', 1), ('talented', 1), ('semantic', 1), ('deadlines', 1), ('quality', 1), ('responsible', 1), ('be', 1), ('maintaining', 1), ('honored', 1), ('will', 1), ('Responsibilities:', 1), ('Customizes', 1), ('management', 1), ('standards', 1), ('highest', 1), ('code', 1), ('front-end', 1), ('announce', 1), ('landing', 1), ('job', 1), ('code.', 1), ('our', 1), ('HTML/CSS)', 1), ('online', 1), ('clean', 1), ('project', 1), ('email', 1), ('multiple', 1), ('Future', 1), ('Develops', 1), ('PSD', 1)]"
Outsourcing/Offshoring   ,"[('We', 2), ('need', 2), ('call', 1), ('least', 1), ('center', 1), ('English', 1), ('2', 1), ('at', 1), ('of', 1), ('experiance', 1), ('and', 1), ('with', 1), ('immediate', 1), ('years', 1), ('in', 1), ('Arabic.', 1), ('be', 1), ('must', 1), ('joiners.', 1), ('good', 1), ('agents', 1)]"
Package/Freight Delivery   ,"[('Elif', 2), ('is', 2), ('flexible', 1), ('Electrical', 1), ('the', 1), ('and', 1), ('of', 1), ('global', 1), ('hiring', 1), ('Duty:', 1), ('EngineerMain', 1), ('machinery.', 1), ('for', 1), ('Periodic', 1), ('Incidental', 1), ('packaging', 1), ('maintenance', 1), ('supplier', 1), ('Packaging', 1), ('solutions', 1), ('a', 1)]"
Packaging and Containers   ,"[('and', 21), ('the', 12), ('with', 5), ('sales', 5), ('of', 5), ('new', 3), ('products', 3), ('clients', 3), ('to', 3), ('opportunities', 3), ('reports', 3), ('&', 3), ('leads', 2), ('emails', 2), ('Sales', 2), ('open', 2), ('services', 2), ('Management', 2), ('in', 2), ('Project', 2), ('orders', 2), ('on', 2), ('as', 2), ('successful', 2), ('plans', 2), ('market', 2), ('Description:', 1), ('regular', 1), ('Securing', 1), ('inside', 1), ('customers', 1), ('general', 1), ('participating', 1), ('tenders.', 1), ('achieve', 1), ('Evaluating', 1), ('customers.', 1), ('proposals', 1), ('Attending', 1), ('competition.', 1), ('both', 1), ('Egypt', 1), ('portfolio.', 1), ('mainly', 1), ('positive', 1), ('technical', 1), ('visit', 1), ('preparation', 1), ('strategies.', 1), ('skills', 1)]"
Paper and Forest Products   ,"[('and', 4), ('with', 3), ('will', 3), ('the', 3), ('of', 3), ('ensure', 2), ('customers', 2), ('our', 2), ('long-term', 2), ('to', 2), ('for', 2), ('delivery', 1), ('portfolio', 1), ('key', 1), ('responsible', 1), ('be', 1), ('liaise', 1), ('customers.', 1), ('The', 1), ('executives', 1), ('We', 1), ('looking', 1), ('connecting', 1), ('selected', 1), ('stakeholders.', 1), ('timely', 1), ('between', 1), ('cross-functional', 1), ('products', 1), ('Export', 1), ('an', 1), ('Job', 1), ('relationships', 1), ('according', 1), ('teams', 1), ('customer', 1), ('business', 1), ('are', 1), ('Summary:', 1), ('success', 1), ('successful', 1), ('He/she', 1), ('collaborate', 1), ('developing', 1), ('Coordinator', 1), ('assigned', 1), ('internal', 1), ('candidate', 1), ('who', 1), ('needs.', 1)]"
Performing and Fine Arts,"[('and', 2), ('a', 2), ('Media', 1), ('to', 1), ('We', 1), ('program', 1), ('make', 1), ('team', 1), ('strong', 1), ('adds', 1), ('want', 1), ('commission', 1), ('responsible', 1), ('sponsorsExcellent', 1), ('getting', 1), ('for', 1), ('sales', 1), ('Male\\Female', 1), ('marketing', 1)]"
Personal and Household Services,"[('a', 11), ('is', 11), ('plus.', 7), ('Experience', 6), ('and', 6), ('knowledge', 5), ('in', 5), ('skills.', 5), ('MS', 3), ('of', 3), ('with', 2), ('environment', 2), ('Knowledge', 2), ('must.', 2), ('SQL-Server', 2), ('Microsoft', 2), ('big', 2), ('or', 2), ('Database', 2), ('strong', 2), ('appreciated.', 1), ('HRMS', 1), ('Problem', 1), ('understanding', 1), ('SharePoint', 1), ('recognized', 1), ('Certified', 1), ('desire', 1), ('development', 1), ('Proficient', 1), ('RMS', 1), ('worker', 1), ('management', 1), ('university.', 1), ('network', 1), ('Leadership', 1), ('Very', 1), ('ITIL', 1), ('Administrator', 1), ('databases', 1), ('Expert', 1), ('Linux', 1), ('support', 1), ('structures', 1), ('authoring', 1), ('environment.', 1), ('architecture', 1), ('administration.', 1), ('Oracle', 1), ('database', 1)]"
Pharmaceuticals   ,"[('equipment.', 3), ('of', 3), ('and', 3), ('all', 2), ('for', 2), ('Writing', 1), ('treatment', 1), ('mechanical', 1), ('undertaking', 1), ('related', 1), ('reports', 1), ('Repair', 1), ('patching', 1), ('scheduled', 1), ('breakdowns', 1), ('roughly', 1), ('Responding', 1), ('smooth', 1), ('order', 1), ('Rank', 1), ('to', 1), ('importance.', 1), ('operation', 1), ('Responsible', 1), ('heavy', 1), ('in', 1), ('companys', 1), ('Maintenance', 1), ('documentation.', 1), ('Planning', 1), ('them', 1), ('maintenance.', 1)]"
Photography   ,"[('experience', 2), ('2', 1), ('photo', 1), ('has', 1), ('Graphic', 1), ('photoshop', 1), ('in', 1), ('years', 1), ('Female', 1), ('editing', 1), ('designer', 1), ('long', 1), ('special', 1), ('a', 1)]"
Plastics   ,"[('and', 17), ('to', 8), ('production', 6), ('plant', 5), ('the', 4), ('with', 2), ('capital', 2), ('quality', 2), ('leadership', 2), ('facilities', 2), ('cost', 2), ('manufacturing', 2), ('effective', 2), ('for', 2), ('minimize', 2), ('of', 2), ('safety', 1), ('overtime', 1), ('direction', 1), ('make', 1), ('labor', 1), ('preventative', 1), ('managers', 1), ('manpower', 1), ('through', 1), ('down-times', 1), ('development', 1), ('expenditures', 1), ('Coordinate', 1), ('a', 1), ('supervisor.', 1), ('exceed', 1), ('when', 1), ('Enhance', 1), ('while', 1), ('Maintenance', 1), ('Manages', 1), ('repair', 1), ('insure', 1), ('over', 1), ('maintains', 1), ('manner.', 1), ('techniques.', 1), ('Analyze', 1), ('salaries.', 1), ('secure', 1), ('performance', 1), ('procedures', 1), ('maintenance', 1), ('accomplish', 1)]"
Primary/Secondary Education   ,"[('prototype', 3), ('the', 3), ('and', 3), ('for', 3), ('Create', 2), ('visual', 2), ('We\x92re', 1), ('drawings', 1), ('phase', 1), ('background', 1), ('apps.', 1), ('writer', 1), ('design', 1), ('elements', 1), ('script', 1), ('in', 1), ('Creative', 1), ('conception', 1), ('characters', 1), ('responsible', 1), ('be', 1), ('interactive', 1), ('initial', 1), ('materials', 1), ('designs', 1), ('will', 1), ('a', 1), ('per', 1), ('&', 1), ('scripts.', 1), ('who', 1), ('as', 1), ('scene', 1), ('execution', 1), ('innovative', 1), ('searching', 1), ('our', 1), ('artist', 1), ('of', 1), ('games', 1)]"
Printing and Publishing,"[('the', 11), ('-', 7), ('production', 3), ('orders', 2), ('and', 2), ('Follow-up', 2), ('Review', 2), ('The', 2), ('operating', 2), ('complaints', 2), ('new', 2), ('customer', 2), ('to', 2), ('of', 2), ('wastage', 1), ('delivery', 1), ('considering', 1), ('(setup', 1), ('customers', 1), ('quantities', 1), ('waste', 1), ('process.', 1), ('customers.', 1), ('regarding', 1), ('rates).', 1), ('from', 1), ('problems', 1), ('received', 1), ('Handle', 1), ('printing', 1), ('visit', 1), ('phases.', 1), ('lab', 1), ('between', 1), ('circulation.', 1), ('process:', 1), ('sales', 1), ('Coordinate', 1), ('Cardboard', 1), ('special', 1), ('Sizes', 1), ('date', 1), ('Sizes)', 1), ('examination', 1), ('reports).', 1), ('(curvature', 1), ('rates', 1), ('Supervise', 1), ('Materials', 1), ('defects.', 1)]"
Professional Training and Coaching   ,"[('and', 21), ('to', 9), ('the', 8), ('that', 6), ('curriculum', 6), ('with', 5), ('for', 4), ('of', 4), ('in', 3), ('new', 3), ('ensure', 2), ('subject', 2), ('Develop', 2), ('curriculum.', 2), ('development', 2), ('will', 2), ('experts', 2), ('develop', 2), ('goals', 2), ('be', 2), ('research', 2), ('instructional', 2), ('our', 2), ('material', 2), ('need', 2), ('content', 2), ('outlines', 2), ('may', 2), ('reflect', 1), ('objectives.Typical', 1), ('audio', 1), ('data', 1), ('make', 1), ('necessary', 1), ('updates.', 1), ('Curriculum', 1), ('lead', 1), ('Education', 1), ('The', 1), ('Coordinate', 1), ('a', 1), ('carried', 1), ('Responsibilities:', 1), ('target', 1), ('management', 1), ('matches', 1), ('consult', 1), ('review/assessment', 1), ('Work', 1), ('how', 1)]"
Public Policy   ,"[('and', 8), ('to', 6), ('English', 4), ('Arabic', 3), ('on', 3), ('managers', 2), ('your', 2), ('experience.', 2), ('will', 2), ('professional', 2), ('managers.', 1), ('main', 1), ('real-time', 1), ('-', 1), ('with', 1), ('translator', 1), ('attached.', 1), ('spoken', 1), ('complete', 1), ('if', 1), ('bilingual', 1), ('sites', 1), ('a', 1), ('education', 1), ('We', 1), ('speaking', 1), ('Maintaining', 1), ('PS', 1), ('skills', 1), ('within', 1), ('nationwide.', 1), ('insights', 1), ('Translating', 1), ('Liaising', 1), ('Wuzzuf', 1), ('conversations', 1), ('different', 1), ('including', 1), ('providing', 1), ('Interpreting', 1), ('are', 1), ('technical', 1), ('interpreter', 1), ('role', 1), ('for', 1), ('explanations', 1), ('even', 1), ('terms', 1), ('Incomplete', 1), ('rejected', 1)]"
Public Relations and Communications   ,"[('and', 8), ('to', 4), ('a', 3), ('from', 3), ('the', 3), ('We', 2), ('Arabic', 2), ('communications', 2), ('&', 2), ('of', 2), ('offer', 2), ('remotely', 1), ('join', 1), ('3', 1), ('talented', 1), ('resume', 1), ('neededWeekly', 1), ('through', 1), ('developed', 1), ('also', 1), ('if', 1), ('\x96', 1), ('REVIEW', 1), ('releases', 1), ('n.shamel@vantage.com.eg', 1), ('bill', 1), ('translation', 1), ('editorial', 1), ('additional', 1), ('skills', 1), ('fact', 1), ('you', 1), ('announcementsClient', 1), ('writing', 1), ('including:', 1), ('Senior', 1), ('compensation', 1), ('team.Working', 1), ('samples.ResponsibilitiesCONTENT', 1), ('EnglishSynopsis', 1), ('political', 1), ('main', 1), ('Nazly', 1), ('media', 1), ('various', 1), ('DEVELOPMENT', 1), ('membersEnsuring', 1), ('are', 1), ('across', 1), ('bios', 1)]"
Real Estate/Property Management,"[('and', 6), ('computer', 2), ('systems', 2), ('hardware', 1), ('new', 1), ('Setting', 1), ('related', 1), ('Installing', 1), ('up', 1), ('with', 1), ('Any', 1), ('other', 1), ('maintaining', 1), ('issues.', 1), ('operating', 1), ('accounts', 1), ('password', 1), ('Monitoring', 1), ('applications.', 1), ('configuring', 1), ('networks.', 1), ('profiles', 1), ('works', 1), ('users??', 1), ('dealing', 1)]"
Recreational Facilities and Services   ,"[('the', 10), ('to', 9), ('and', 8), ('of', 5), ('all', 4), ('with', 3), ('technical', 3), ('be', 3), ('from', 3), ('team', 3), ('as', 3), ('work', 3), ('a', 2), ('management', 2), ('Maintenance', 2), ('staff', 2), ('operation', 2), ('are', 2), ('Client', 2), ('other', 2), ('daily', 2), ('requests', 2), ('project', 2), ('on', 2), ('working', 2), ('requirements', 1), ('knowledge', 1), ('hospitals.', 1), ('pursued', 1), ('at', 1), ('make', 1), ('Maintains', 1), ('level', 1), ('necessary', 1), ('gives', 1), ('banks', 1), ('Telecom', 1), ('responsible', 1), ('if', 1), ('his', 1), ('matters.', 1), ('this', 1), ('will', 1), ('applicable', 1), ('performed.', 1), ('personally', 1), ('approve', 1), ('skills', 1), ('engineer', 1), ('areas', 1)]"
Religious Institutions   ,"[('and', 8), ('the', 6), ('of', 4), ('in', 3), ('good', 2), ('a', 2), ('different', 2), ('experience', 2), ('with', 2), ('business', 2), ('Hajj', 2), ('meet', 1), ('knowledge', 1), ('providing', 1), ('Submitting', 1), ('Management.', 1), ('Religious', 1), ('Medina', 1), ('that', 1), ('packages', 1), ('dealing', 1), ('Saudi', 1), ('Manging', 1), ('hotels', 1), ('clients', 1), ('to', 1), ('Top', 1), ('complaints', 1), ('Desiging', 1), ('finalizing', 1), ('suppliers', 1), ('deals', 1), ('field', 1), ('Tourism', 1), ('Umrah', 1), ('Omra', 1), ('Handling', 1), ('needs.', 1), ('official', 1), ('Ministry', 1), ('Negotiating', 1), ('plan', 1), ('has', 1), ('full', 1), ('department.', 1), ('department', 1), ('support.', 1), ('Long', 1), ('for', 1), ('professional', 1)]"
Renewables and Environment   ,"[('my', 14), ('to', 14), ('and', 8), ('the', 6), ('a', 6), ('not', 6), ('like', 6), ('for', 5), ('with', 5), ('of', 5), ('any', 4), ('be', 4), ('am', 3), ('countries', 3), ('i', 3), ('in', 3), ('me', 3), ('industrial', 3), ('or', 3), ('only', 3), ('myself', 2), ('before', 2), ('through', 2), ('will', 2), ('government', 2), ('I', 2), ('supported', 2), ('relatives', 2), ('submitted', 2), ('TAKER', 2), ('Egypt', 2), ('free', 2), ('regularly', 2), ('files', 2), ('more', 2), ('deal', 2), ('GIVER', 2), ('just', 2), ('ready', 2), ('aid', 2), ('being', 2), ('false', 2), ('EGYPT', 2), ('scholarships', 1), ('alive', 1), ('existing:[international', 1), ('[officially', 1), ('[NA/EU/Asians]:', 1), ('soonover', 1), ('Technical', 1)]"
Research   ,"[('and', 6), ('the', 5), ('in', 5), ('of', 5), ('are', 3), ('research', 2), ('a', 2), ('Game', 2), ('keen', 1), ('three', 1), ('into', 1), ('Advanced', 1), ('Vibration\x94', 1), ('-', 1), ('ASU-GARDS', 1), ('VR', 1), ('with', 1), ('Ain', 1), ('nanostructures', 1), ('mechatronics', 1), ('structures', 1), ('domains:', 1), ('metamaterials', 1), ('materials', 1), ('among', 1), ('mechanical', 1), ('Reality', 1), ('education', 1), ('The', 1), ('Research', 1), ('field', 1), ('team', 1), ('Design', 1), ('University', 1), ('Faculty', 1), ('Shams', 1), ('reality', 1), ('Arts.We', 1), ('nonmaterial.', 1), ('This', 1), ('eLabs', 1), ('3D', 1), ('we', 1), ('virtual', 1), ('targeting', 1), ('an', 1), ('professional', 1), ('(ASU-GARDS)', 1), ('fields', 1), ('modeling', 1)]"
Restaurant/Food Services,"[('to', 2), ('and', 2), ('inquires', 1), ('interaction.', 1), ('image', 1), ('customers\x92', 1), ('respond', 1), ('through', 1), ('general', 1), ('Answer', 1), ('Project', 1), ('make', 1), ('calls', 1), ('customer', 1), ('orders', 1), ('company', 1), ('phone', 1), ('complaints.', 1), ('professional', 1), ('a', 1)]"
Retail,"[('and', 8), ('for', 6), ('system', 4), ('ERP', 4), ('in', 4), ('maintain', 3), ('support', 3), ('Responsible', 3), ('that', 2), ('business', 2), ('to', 2), ('stores', 2), ('technical', 2), ('of', 2), ('by', 2), ('either', 1), ('any', 1), ('affect', 1), ('related', 1), ('primary', 1), ('remotely', 1), ('with', 1), ('escalate', 1), ('needs', 1), ('Master', 1), ('inserting', 1), ('interface', 1), ('phone', 1), ('issues.', 1), ('Monitor', 1), ('functionality', 1), ('or', 1), ('users', 1), ('a', 1), ('issues', 1), ('met.', 1), ('supporting', 1), ('BI', 1), ('software', 1), ('reporting', 1), ('applications.', 1), ('Data', 1), ('operations', 1), ('as', 1), ('obtain', 1), ('system.', 1), ('Act', 1), ('complex', 1), ('(retail', 1), ('training', 1)]"
Security and Surveillance,"[('website', 1), ('&', 1), ('to', 1), ('Upload', 1), ('Dsigen', 1), ('data', 1)]"
Select,"[('?', 1)]"
Semiconductors   ,"[('and', 4), ('will', 4), ('our', 4), ('on', 3), ('for', 3), ('the', 2), ('Interns', 2), ('three', 1), ('decks.', 1), ('LVS', 1), ('foundries', 1), ('technology', 1), ('team', 1), ('with', 1), ('supporting', 1), ('at', 1), ('1day/week', 1), ('resumes', 1), ('participate', 1), ('verification', 1), ('verify', 1), ('development', 1), ('This', 1), ('a', 1), ('clients', 1), ('interfacing', 1), ('teams', 1), ('18/6/2016)', 1), ('to', 1), ('Synopsys', 1), ('Cadence', 1), ('design', 1), ('as', 1), ('internship', 1), ('job', 1), ('require', 1), ('23/4/16', 1), ('physical', 1), ('months', 1), ('basis', 1), ('DRC', 1), ('PERC', 1), ('2', 1), ('ERC', 1), ('rule', 1), ('CAD', 1), ('using', 1), ('times', 1), ('weeks', 1), ('Mentor', 1)]"
Sports and Physical Recreation,"[('and', 4), ('to', 2), ('Dreamweaver', 1), ('date', 1), ('Up', 1), ('Illustrator', 1), ('industry', 1), ('proficient', 1), ('with', 1), ('costs', 1), ('Ability', 1), ('communicate', 1), ('deadlines', 1), ('technologies', 1), ('Professionalism', 1), ('ability', 1), ('ideas', 1), ('interact', 1), ('originality', 1), ('flair', 1), ('Photoshop', 1), ('leading', 1), ('time', 1), ('software', 1), ('Possession', 1), ('of', 1), ('(In', 1), ('present', 1), ('creative', 1), ('conceptual/visual', 1), ('Highly', 1), ('etc)', 1), ('regarding', 1), ('in', 1), ('all', 1), ('Design', 1), ('versatility', 1), ('design', 1), ('aspects', 1)]"
Staffing and Recruiting   ,"[('and', 11), ('media', 6), ('social', 5), ('of', 5), ('to', 4), ('on', 4), ('Internet', 3), ('Develop', 3), ('marketing', 3), ('a', 2), ('Social', 2), ('traffic', 2), ('website', 2), ('the', 2), ('all', 2), ('e-mail', 1), ('Media', 1), ('Manage', 1), ('leads', 1), ('deliver', 1), ('with', 1), ('density', 1), ('achieve', 1), ('through', 1), ('research', 1), ('Coordinate', 1), ('sites', 1), ('Drive', 1), ('management', 1), ('We', 1), ('within', 1), ('companys', 1), ('platforms.', 1), ('virtual', 1), ('cutting', 1), ('popularity', 1), ('page', 1), ('rankings.', 1), ('looking', 1), ('different', 1), ('implement', 1), ('using', 1), ('technology', 1), ('goal', 1), ('revenue', 1), ('superior', 1), ('gradually', 1), ('Specialist', 1), ('platform.', 1), ('strategically', 1)]"
Supermarkets   ,"[('and', 18), ('content', 9), ('to', 8), ('the', 8), ('a', 6), ('-', 5), ('technical', 4), ('of', 4), ('with', 3), ('that', 3), ('Marketing', 3), ('for', 3), ('compelling', 3), ('social', 3), ('Team', 2), ('digital', 2), ('research', 2), ('mediums', 2), ('actionable', 2), ('The', 2), ('mobile', 2), ('ability', 2), ('as', 2), ('in', 2), ('write', 2), ('is', 2), ('key', 2), ('search', 2), ('print', 2), ('YouTube', 1), ('relevance', 1), ('link', 1), ('pivotal', 1), ('visibility', 1), ('client-specific', 1), ('deliver', 1), ('effectiveness', 1), ('high', 1), ('generation', 1), ('business', 1), ('process', 1), ('meta', 1), ('through', 1), ('measuring/reporting', 1), ('increase', 1), ('development', 1), ('particularly', 1), ('cross-functional', 1), ('personas', 1), ('Collaborate', 1)]"
Telecommunications Services,"[('\x96', 4), ('????', 3), ('?§????', 2), ('-', 2), ('?¹????', 2), ('?§???³??', 1), ('2', 1), ('?¶???§?\xad?????§', 1), ('?³????5', 1), ('?¬???¯??4', 1), ('?§???¬?????²???©', 1), ('?§???§?????§??', 1), ('???§???¹????', 1), ('?¨?§???¹????', 1), ('?®?¨?±??', 1), ('25', 1), ('?§???§????', 1), ('?§???????³3', 1), ('?¨?\xad?????§??', 1), ('0', 1), ('?§??', 1), ('?§???\xad?§?³?¨', 1), ('30', 1), ('?³????', 1), ('?§???³????', 1), ('?³?????§??2', 1), ('?§?????¯?±?©', 1), ('?¶???·6', 1), ('?§?????¹????', 1), ('?????´?±????', 1), ('??????', 1), ('?§???????±', 1), ('?§?????§??', 1), ('???±?¨', 1), ('1', 1), ('???\xad??', 1), ('???¨?±?§???¬', 1), ('?§???§?¯?§?±??', 1), ('???????±???³??????', 1)]"
Textiles   ,"[('?', 1)]"
Translation and Localization   ,"[('and', 4), ('projects', 2), ('Software', 2), ('junior', 2), ('using', 1), ('training', 1), ('translators', 1), ('projects.', 1), ('on', 1), ('the', 1), ('(antivirus).', 1), ('related', 1), ('Hiring', 1), ('with', 1), ('Translate', 1), ('Legal', 1), ('CAT', 1), ('quality', 1), ('all', 1), ('(Trados', 1), ('etc..)', 1), ('Studio', 1), ('best', 1), ('Loc', 1), ('to', 1), ('would', 1), ('of', 1), ('train', 1), ('translation', 1), ('Handling', 1), ('IT', 1), ('manage', 1), ('Wordfast', 1), ('tools', 1), ('translators.', 1), ('Localization', 1)]"
Transportation/Trucking/Railroad   ,"[('and', 13), ('customer', 5), ('to', 4), ('sales', 4), ('customers', 3), ('potential', 3), ('for', 3), ('needs', 3), ('with', 2), ('through', 2), ('reports', 2), ('of', 2), ('Continuously', 1), ('their', 1), ('every', 1), ('acquisition', 1), ('complete', 1), ('analysis', 1), ('Coordinate', 1), ('will', 1), ('a', 1), ('cold', 1), ('briefWe\x92re', 1), ('problems', 1), ('management', 1), ('levels', 1), ('feedback', 1), ('within', 1), ('Achieve', 1), ('Analyse', 1), ('Present', 1), ('status', 1), ('boost', 1), ('new', 1), ('out', 1), ('track', 1), ('products', 1), ('sell', 1), ('practices', 1), ('revenue', 1), ('appropriate', 1), ('actively', 1), ('schedule', 1), ('Reach', 1), ('interests', 1), ('maintain', 1), ('top-line', 1), ('effort', 1), ('arguments', 1), ('develop', 1)]"
Travel Transportation and Tourism,"[('and', 5), ('be', 2), ('will', 2), ('for', 2), ('Director.', 1), ('improving', 1), ('updating', 1), ('duties', 1), ('marketing', 1), ('E-Marketing', 1), ('company', 1), ('responsible', 1), ('Facebook', 1), ('Managing', 1), ('his', 1), ('group.', 1), ('Among', 1), ('continuous', 1), ('ranking', 1), ('web-site', 1), ('&', 1), ('engines', 1), ('responsibility', 1), ('are:', 1), ('reporting', 1), ('upgrading', 1), ('companys', 1), ('search', 1), ('Linkedin', 1), ('Executive', 1), ('sales', 1), ('online', 1), ('pages', 1)]"
Venture Capital and Private Equity   ,"[('and', 8), ('to', 5), ('a', 4), ('the', 4), ('is', 3), ('of', 3), ('for', 3), ('Web', 2), ('with', 2), ('maintaining', 2), ('will', 2), ('This', 2), ('websites.', 2), ('design', 2), ('in', 2), ('Innoventures', 2), ('professionals', 1), ('content.', 1), ('Developing', 1), ('work.', 1), ('LLC', 1), ('programming', 1), ('include', 1), ('responsible', 1), ('be', 1), ('inconsistency', 1), ('issues.', 1), ('The', 1), ('or', 1), ('work', 1), ('employers', 1), ('Egypt', 1), ('capacity', 1), ('looking', 1), ('discuss', 1), ('team', 1), ('layout.', 1), ('Resolving', 1), ('supporting', 1), ('database', 1), ('websites', 1), ('existing', 1), ('our', 1), ('significant', 1), ('Designing', 1), ('features.', 1), ('range', 1), ('interdisciplinary', 1), ('similar', 1), ('new', 1)]"
Veterinary   ,"[('and', 14), ('the', 12), ('for', 6), ('sales', 6), ('of', 5), ('to', 3), ('business', 3), ('product', 2), ('customers', 2), ('a', 2), ('brands', 2), ('companys', 2), ('Prepare', 2), ('&', 2), ('promoting', 2), ('payment', 2), ('current', 2), ('needs', 2), ('opportunities', 2), ('in', 2), ('ensuring', 2), ('Responsible', 2), ('delivery', 1), ('prescriptions', 1), ('market', 1), ('retail', 1), ('environment', 1), ('with', 1), ('that', 1), ('outlets.', 1), ('weekly', 1), ('my', 1), ('revenues.', 1), ('customers.', 1), ('doctors', 1), ('Participates', 1), ('package', 1), ('problems', 1), ('We', 1), ('at', 1), ('incentive', 1), ('policy', 1), ('budgeted', 1), ('long', 1), ('expand', 1), ('range', 1), ('new', 1), ('engineers', 1), ('territory', 1), ('company.', 1)]"
Warehousing   ,"[('experience', 2), ('with', 2), ('Working', 2), ('pm', 1), ('leads-oriented', 1), ('Gender:', 1), ('campaigns', 1), ('Qualifications:', 1), ('Female', 1), ('hours:', 1), ('and', 1), ('degree.', 1), ('SEO', 1), ('6', 1), ('am:', 1), ('Facebook', 1), ('Bachelor', 1), ('Hands-on', 1), ('10', 1), ('Google', 1), ('AdWords', 1)]"
Waste Management,"[('water', 2), ('field.', 1), ('engineer', 1), ('Mechanical', 1), ('in', 1), ('pumping', 1), ('sales', 1), ('and', 1), ('waste', 1)]"
Wholesale Trade,"[('and', 3), ('&', 3), ('new', 2), ('sales', 2), ('Identify', 2), ('decision', 1), ('steps', 1), ('projects', 1), ('on', 1), ('Follow', 1), ('customers', 1), ('initiative', 1), ('Inquiries', 1), ('key', 1), ('customer', 1), ('close', 1), ('business', 1), ('plan', 1), ('objectives.', 1), ('identify', 1), ('influencers', 1), ('sale', 1), ('etc.', 1), ('forecast', 1), ('to', 1), ('drivers', 1), ('Develop', 1), ('opportunities', 1), ('pricing', 1), ('up', 1), ('leads', 1), ('Implement', 1), ('proper', 1), ('maker', 1), ('Determine', 1), ('strategy', 1)]"
Wireless   ,"[('team', 2), ('and', 2), ('Ensure', 2), ('are', 2), ('&', 2), ('technicians', 2), ('of', 2), ('by', 2), ('repairs/day)', 1), ('knowledge', 1), ('Manage', 1), ('high', 1), ('as', 1), ('volume', 1), ('(50', 1), ('more)', 1), ('operating', 1), ('paced', 1), ('standard', 1), ('Complete', 1), ('Handle', 1), ('objectives', 1), ('Lead', 1), ('daily', 1), ('Android', 1), ('fast', 1), ('operational', 1), ('products', 1), ('perfrms', 1), ('offered', 1), ('a', 1), ('Supervises', 1), ('repairs', 1), ('aspects', 1), ('Train', 1), ('new', 1), ('pre-op/post-op', 1), ('duties', 1), ('required', 1), ('the', 1), ('service', 1), ('smartphone', 1), ('performance', 1), ('checklists', 1), ('services', 1), ('administrative', 1), ('all', 1), ('procedures', 1), ('trainings', 1), ('including', 1)]"
Writing and Editing,"[('and', 8), ('for', 4), ('clients', 3), ('to', 3), ('Developing', 2), ('advertising', 2), ('including', 2), ('the', 2), ('developing', 2), ('managing', 1), ('Digital', 1), ('campaigns', 1), ('themes.', 1), ('web', 1), ('determine', 1), ('newsletters', 1), ('a', 1), ('both', 1), ('email', 1), ('industries', 1), ('organization\x92s', 1), ('communication', 1), ('social', 1), ('websites', 1), ('media.', 1), ('presenting', 1), ('range', 1), ('materials.', 1), ('Writing', 1), ('writing', 1), ('blog', 1), ('best', 1), ('style', 1), ('copy-writing', 1), ('presence.', 1), ('our', 1), ('ideas', 1), ('tone', 1), ('marketing', 1), ('posts', 1), ('Creating', 1), ('information.', 1), ('of', 1), ('content', 1), ('present', 1), ('discussion', 1), ('drafts', 1), ('method', 1), ('in', 1), ('wide', 1)]"
